{
  "GetFile" : {
    "transaction" : "GetFile",
    "sampleCount" : 240,
    "errorCount" : 1,
    "errorPct" : 0.41666666,
    "meanResTime" : 4414.270833333334,
    "medianResTime" : 3697.5,
    "minResTime" : 326.0,
    "maxResTime" : 13423.0,
    "pct1ResTime" : 10806.9,
    "pct2ResTime" : 11240.65,
    "pct3ResTime" : 11898.95,
    "throughput" : 1.8195464780403485,
    "receivedKBytesPerSec" : 1028.955887725453,
    "sentKBytesPerSec" : 0.8759010664248186
  },
  "Total" : {
    "transaction" : "Total",
    "sampleCount" : 240,
    "errorCount" : 1,
    "errorPct" : 0.41666666,
    "meanResTime" : 4414.270833333334,
    "medianResTime" : 3697.5,
    "minResTime" : 326.0,
    "maxResTime" : 13423.0,
    "pct1ResTime" : 10806.9,
    "pct2ResTime" : 11240.65,
    "pct3ResTime" : 11898.95,
    "throughput" : 1.8195464780403485,
    "receivedKBytesPerSec" : 1028.955887725453,
    "sentKBytesPerSec" : 0.8759010664248186
  }
}